{
  "pages": [
    {
      "htmlID": "svelteNavCourseLevelData",
      "title": "Districtwide Course Level Data",
      "version": "24.4.77",
      "sortOrder": 200,
      "pageURL": "/admin/ps-svelte/course_level_data.html",
      "parentHTMLID": "navDataAndReportingSchoolReports"
    },
    {
      "htmlID": "svelteNavTestingCalendar",
      "title": "TESD Testing Calendar",
      "version": "24.4.77",
      "sortOrder": 200,
      "pageURL": "/admin/ps-svelte/testing_calendar.html",
      "parentHTMLID": "navDataAndReportingSchoolReports"
    },
    {
      "htmlID": "svelteNavTestingCalendarAdminDistrict",
      "title": "TESD Testing Calendar Administration",
      "version": "24.4.77",
      "sortOrder": 200,
      "pageURL": "/admin/ps-svelte/testing_calendar_admin.html",
      "parentHTMLID": "navDistrictManagementDistrictSetup"
    },
    {
      "htmlID": "svelteNavTestingCalendarAdminSchool",
      "title": "TESD Testing Calendar Administration",
      "version": "24.4.77",
      "sortOrder": 200,
      "pageURL": "/admin/ps-svelte/testing_calendar_admin.html",
      "parentHTMLID": "navSchoolManagementSchoolParameters"
    }
  ]
}